firstName,lastName,phone,email
Mclean,Jones,388963,1_McleanJones@test.com
Rangel,Walters,1635201,2_RangelWalters@test.com
Yates,Rangel,8948656,3_YatesRangel@test.com
Wiggins,Hughes,3531256,4_WigginsHughes@test.com
Mosley,Rangel,2032902,5_MosleyRangel@test.com
Velez,Gilmore,4402144,
Foster,Joseph,1207078,7_FosterJoseph@test.com
Yates,Case,9560320,8_YatesCase@test.com
Estes,Joseph,7775422,9_EstesJoseph@test.com
Johns,Hughes,1019836,10_JohnsHughes@test.com
Arnold,Cowan,1438157,11_ArnoldCowan@test.com
Yates,Odom,6493383,12_YatesOdom@test.com
Decker,Carrillo,3624890,13_DeckerCarrillo@test.com
Mclean,Hebert,4213025,14_McleanHebert@test.com
Yates,Cowan,94587,15_YatesCowan@test.com
Hebert,Foster,3373138,16_HebertFoster@test.com
Terry,Johns,7944122,17_TerryJohns@test.com
Keller,Melton,1098172,18_KellerMelton@test.com
Yates,Norman,1123080,19_YatesNorman@test.com
Daugherty,Arnold,7602141,20_DaughertyArnold@test.com
Orr,Elliott,507882,21_OrrElliott@test.com
Rangel,Meyers,6166041,22_RangelMeyers@test.com
Ferguson,Terry,6345577,23_FergusonTerry@test.com
Miranda,Odom,5555689,24_MirandaOdom@test.com
Velez,Rangel,1653419,25_VelezRangel@test.com
Underwood,Carrillo,6048403,26_UnderwoodCarrillo@test.com
Orr,Riley,7193461,27_OrrRiley@test.com
Mosley,Meyers,9996731,28_MosleyMeyers@test.com
James,Wiggins,8525097,29_JamesWiggins@test.com
Joseph,Riley,5949716,30_JosephRiley@test.com
Gilbert,Pineda,1599195,31_GilbertPineda@test.com
Orr,Daugherty,3149514,32_OrrDaugherty@test.com
Rangel,Johns,690204,33_RangelJohns@test.com
Orr,Joseph,5532394,34_OrrJoseph@test.com
Lane,Gilmore,3242572,35_LaneGilmore@test.com
Gilmore,Cowan,5682590,36_GilmoreCowan@test.com
Elliott,Mclean,7909939,37_ElliottMclean@test.com
Joseph,Case,9258481,38_JosephCase@test.com
Chase,Decker,7167948,39_ChaseDecker@test.com
Meyers,Grimes,8182313,40_MeyersGrimes@test.com
Decker,Morse,9863324,41_DeckerMorse@test.com
Gilmore,Decker,6647931,42_GilmoreDecker@test.com
James,Meyers,687558,43_JamesMeyers@test.com
Wallace,Morse,8923880,44_WallaceMorse@test.com
Leach,Odom,7754909,45_LeachOdom@test.com
Morse,Arnold,9527109,46_MorseArnold@test.com
Keller,Foster,6837894,47_KellerFoster@test.com
Dominguez,Estes,2750613,48_DominguezEstes@test.com
Daugherty,Odom,2666236,49_DaughertyOdom@test.com
Johns,Pineda,1117711,50_JohnsPineda@test.com
Orr,Decker,4617369,51_OrrDecker@test.com
Mclean,Riley,5018716,52_McleanRiley@test.com
Case,Grimes,6445843,53_CaseGrimes@test.com
Daugherty,Meyers,1411812,54_DaughertyMeyers@test.com
Odom,Leach,745028,55_OdomLeach@test.com
Leach,Rangel,1313407,56_LeachRangel@test.com
Mosley,Clements,7724585,57_MosleyClements@test.com
Cowan,Mosley,4435372,58_CowanMosley@test.com
Gilmore,Johns,7708630,59_GilmoreJohns@test.com
Clements,Jones,5637795,60_ClementsJones@test.com
Gilbert,Joseph,8394093,61_GilbertJoseph@test.com
Johns,Pineda,4137483,62_JohnsPineda@test.com
Miranda,Hanson,4330441,63_MirandaHanson@test.com
Daugherty,Richardson,169534,64_DaughertyRichardson@test.com
Lane,Dominguez,7484529,65_LaneDominguez@test.com
Elliott,Pineda,3779383,66_ElliottPineda@test.com
Melton,Lane,9009484,67_MeltonLane@test.com
Case,Terry,4466963,68_CaseTerry@test.com
Keller,Hanson,8041284,69_KellerHanson@test.com
Case,Golden,5977079,70_CaseGolden@test.com
Kirk,Johns,9474081,71_KirkJohns@test.com
Hanson,Decker,5071506,72_HansonDecker@test.com
Foster,Daugherty,5280006,73_FosterDaugherty@test.com
Meyers,Jones,2571954,74_MeyersJones@test.com
Wiggins,Case,244932,75_WigginsCase@test.com
Cowan,Hebert,5584251,76_CowanHebert@test.com
Orozco,Kirk,5503542,77_OrozcoKirk@test.com
Gilbert,Wallace,6322096,78_GilbertWallace@test.com
Elliott,Hebert,7132166,79_ElliottHebert@test.com
Estes,Case,47426,80_EstesCase@test.com
Pineda,Rangel,8601652,81_PinedaRangel@test.com
Daugherty,Chase,585764,82_DaughertyChase@test.com
Richardson,Estes,411632,83_RichardsonEstes@test.com
Mosley,Arnold,893193,84_MosleyArnold@test.com
Wiggins,Walters,3148581,85_WigginsWalters@test.com
Joseph,Carrillo,8002061,86_JosephCarrillo@test.com
Orozco,Mosley,8550464,87_OrozcoMosley@test.com
Leach,Yates,154175,88_LeachYates@test.com
Gilmore,Estes,6033081,89_GilmoreEstes@test.com
Jones,Gilbert,6454388,90_JonesGilbert@test.com
Melton,Decker,6157048,91_MeltonDecker@test.com
Odom,Riley,5825151,92_OdomRiley@test.com
Melton,Hanson,7807500,93_MeltonHanson@test.com
Melton,Odom,9793798,94_MeltonOdom@test.com
Hebert,Orr,4891318,95_HebertOrr@test.com
Grimes,Clements,9372218,96_GrimesClements@test.com
Miranda,Underwood,8325586,97_MirandaUnderwood@test.com
Jones,Hebert,5009665,98_JonesHebert@test.com
Rangel,Hanson,3383671,99_RangelHanson@test.com
Wallace,Pineda,86129,100_WallacePineda@test.com
Kirk,Clements,6436778,101_KirkClements@test.com
Leach,Riley,3541631,102_LeachRiley@test.com
Decker,Daugherty,1100188,103_DeckerDaugherty@test.com
Wiggins,Morse,2353869,104_WigginsMorse@test.com
Ferguson,Keller,3021280,105_FergusonKeller@test.com
Meyers,Ferguson,686907,106_MeyersFerguson@test.com
Underwood,Hughes,6224196,107_UnderwoodHughes@test.com
Joseph,Foster,9158909,108_JosephFoster@test.com
Leach,Estes,3671869,109_LeachEstes@test.com
Case,Dominguez,5821173,110_CaseDominguez@test.com
Cowan,Foster,1414623,111_CowanFoster@test.com
Orozco,Gilbert,2544055,112_OrozcoGilbert@test.com
Mclean,Meyers,5944763,113_McleanMeyers@test.com
Foster,Orozco,7982427,114_FosterOrozco@test.com
Hughes,Yates,8265938,115_HughesYates@test.com
Gilmore,Daugherty,3506120,116_GilmoreDaugherty@test.com
Hughes,Hughes,6019944,117_HughesHughes@test.com
Leach,Yates,7485488,118_LeachYates@test.com
Chase,Wallace,5103541,119_ChaseWallace@test.com
Estes,Morse,4733861,120_EstesMorse@test.com
Dominguez,Joseph,5756437,121_DominguezJoseph@test.com
Daugherty,Morse,9615678,122_DaughertyMorse@test.com
Orr,Norman,4803687,123_OrrNorman@test.com
Carrillo,Richardson,1317189,124_CarrilloRichardson@test.com
Pineda,Gilmore,919106,125_PinedaGilmore@test.com
Richardson,Johns,5076884,126_RichardsonJohns@test.com
Yates,Kirk,3081099,127_YatesKirk@test.com
Leach,Velez,6448271,128_LeachVelez@test.com
Norman,Clements,2190146,129_NormanClements@test.com
James,Wiggins,2301330,130_JamesWiggins@test.com
Wiggins,Keller,4250085,131_WigginsKeller@test.com
Wallace,Melton,1809953,132_WallaceMelton@test.com
Rangel,Hanson,8362238,133_RangelHanson@test.com
Mclean,Foster,5760765,134_McleanFoster@test.com
Richardson,Melton,8145729,135_RichardsonMelton@test.com
Joseph,Orr,822575,136_JosephOrr@test.com
Golden,Ferguson,9134662,137_GoldenFerguson@test.com
Mosley,Arnold,2855336,138_MosleyArnold@test.com
Terry,Orozco,6577358,139_TerryOrozco@test.com
Carrillo,Daugherty,2029728,140_CarrilloDaugherty@test.com
Decker,Hanson,8454654,141_DeckerHanson@test.com
Morse,Terry,7055877,142_MorseTerry@test.com
Pineda,Hughes,6264338,143_PinedaHughes@test.com
Grimes,Keller,1473770,144_GrimesKeller@test.com
Clements,Garrett,1784222,145_ClementsGarrett@test.com
Garrett,Estes,643341,146_GarrettEstes@test.com
Clements,Wiggins,7422743,147_ClementsWiggins@test.com
Case,Morse,6346576,148_CaseMorse@test.com
Golden,Wiggins,5111834,149_GoldenWiggins@test.com
Orozco,Cowan,93594,150_OrozcoCowan@test.com
Clements,Wiggins,4233168,151_ClementsWiggins@test.com
Melton,Johns,6999324,152_MeltonJohns@test.com
Arnold,Leach,8974904,153_ArnoldLeach@test.com
James,Wiggins,2368408,154_JamesWiggins@test.com
Case,Cowan,5458277,155_CaseCowan@test.com
Orozco,Orr,3020000,156_OrozcoOrr@test.com
Underwood,Velez,9202577,157_UnderwoodVelez@test.com
Foster,Gilbert,1083158,158_FosterGilbert@test.com
Dominguez,Mclean,3792249,159_DominguezMclean@test.com
Orr,Orozco,9834620,160_OrrOrozco@test.com
Ferguson,Ferguson,6230335,161_FergusonFerguson@test.com
Hanson,Yates,8067863,162_HansonYates@test.com
Morse,Gilbert,7796388,163_MorseGilbert@test.com
Terry,Orr,6395273,164_TerryOrr@test.com
Wiggins,Jones,9857963,165_WigginsJones@test.com
Leach,Estes,9506944,166_LeachEstes@test.com
Decker,Hebert,3467531,167_DeckerHebert@test.com
Lane,Pineda,9385169,168_LanePineda@test.com
Hebert,Keller,9670715,169_HebertKeller@test.com
Riley,Gilmore,673447,170_RileyGilmore@test.com
Joseph,Riley,4553366,171_JosephRiley@test.com
Richardson,Decker,7111574,172_RichardsonDecker@test.com
Leach,Mosley,9536094,173_LeachMosley@test.com
Cowan,Orr,8159783,174_CowanOrr@test.com
Mclean,Rangel,4125451,175_McleanRangel@test.com
Underwood,Terry,4939729,176_UnderwoodTerry@test.com
Mosley,Case,3737648,177_MosleyCase@test.com
Orr,Joseph,6193322,178_OrrJoseph@test.com
Decker,Walters,8619262,179_DeckerWalters@test.com
Estes,Hebert,6779556,180_EstesHebert@test.com
Velez,Cowan,8686730,181_VelezCowan@test.com
Arnold,Odom,9486857,182_ArnoldOdom@test.com
Grimes,Carrillo,4938729,183_GrimesCarrillo@test.com
Mosley,Norman,2779846,184_MosleyNorman@test.com
Norman,Wallace,8595074,185_NormanWallace@test.com
Foster,Kirk,3681956,186_FosterKirk@test.com
Gilbert,Meyers,2312624,187_GilbertMeyers@test.com
Pineda,Dominguez,1641715,188_PinedaDominguez@test.com
Terry,Wiggins,4540282,189_TerryWiggins@test.com
Jones,Daugherty,5352126,190_JonesDaugherty@test.com
Odom,Jones,7367866,191_OdomJones@test.com
Elliott,Grimes,3178445,192_ElliottGrimes@test.com
Clements,Grimes,5776165,193_ClementsGrimes@test.com
Hebert,Gilbert,7785186,194_HebertGilbert@test.com
Rangel,Walters,9432493,195_RangelWalters@test.com
Richardson,Hebert,9639790,196_RichardsonHebert@test.com
Leach,Mosley,4740803,197_LeachMosley@test.com
Meyers,Daugherty,7789853,198_MeyersDaugherty@test.com
Clements,Grimes,4530636,199_ClementsGrimes@test.com
Hughes,Terry,7897773,200_HughesTerry@test.com
Foster,Chase,5574695,201_FosterChase@test.com
Morse,Hanson,4867894,202_MorseHanson@test.com
Lane,Jones,7192169,203_LaneJones@test.com
Decker,Case,401179,204_DeckerCase@test.com
Meyers,Norman,9915870,205_MeyersNorman@test.com
Decker,Underwood,4193727,206_DeckerUnderwood@test.com
Orozco,Ferguson,3100508,207_OrozcoFerguson@test.com
Elliott,Melton,185014,208_ElliottMelton@test.com
Mosley,Terry,63781,209_MosleyTerry@test.com
James,Hanson,4515733,210_JamesHanson@test.com
Hughes,Kirk,7801167,211_HughesKirk@test.com
Chase,Melton,4047669,212_ChaseMelton@test.com
James,Kirk,5383714,213_JamesKirk@test.com
Jones,Joseph,1977522,214_JonesJoseph@test.com
Velez,Hebert,1334242,215_VelezHebert@test.com
Dominguez,Orozco,1838747,216_DominguezOrozco@test.com
Clements,Carrillo,4050360,217_ClementsCarrillo@test.com
Norman,Carrillo,3554748,218_NormanCarrillo@test.com
Mclean,Mclean,8716190,219_McleanMclean@test.com
Hanson,Ferguson,5302139,220_HansonFerguson@test.com
Rangel,Estes,1000152,221_RangelEstes@test.com
Chase,Elliott,1599998,222_ChaseElliott@test.com
Wiggins,Orozco,4122463,223_WigginsOrozco@test.com
Joseph,Golden,7395367,224_JosephGolden@test.com
Grimes,Terry,1156566,225_GrimesTerry@test.com
Jones,Arnold,5331167,226_JonesArnold@test.com
Ferguson,Gilmore,1454372,227_FergusonGilmore@test.com
Keller,Rangel,7555163,228_KellerRangel@test.com
Gilbert,Orozco,5170379,229_GilbertOrozco@test.com
Hanson,Pineda,1089109,230_HansonPineda@test.com
Rangel,Hanson,6475956,231_RangelHanson@test.com
Joseph,Terry,7262071,232_JosephTerry@test.com
Yates,Morse,9321751,233_YatesMorse@test.com
Norman,Mosley,7855697,234_NormanMosley@test.com
Mosley,Wiggins,829159,235_MosleyWiggins@test.com
Jones,Yates,3910961,236_JonesYates@test.com
Velez,Orozco,389389,237_VelezOrozco@test.com
Chase,James,3712837,238_ChaseJames@test.com
Mosley,Golden,3916361,239_MosleyGolden@test.com
Richardson,Mosley,3812523,240_RichardsonMosley@test.com
Orr,Dominguez,5974782,241_OrrDominguez@test.com
Terry,Miranda,9635141,242_TerryMiranda@test.com
Hanson,Golden,3977387,243_HansonGolden@test.com
Jones,Melton,4898825,244_JonesMelton@test.com
Arnold,Keller,7971698,245_ArnoldKeller@test.com
Miranda,Walters,5065692,246_MirandaWalters@test.com
Elliott,Ferguson,585553,247_ElliottFerguson@test.com
Dominguez,Arnold,4962344,248_DominguezArnold@test.com
Hebert,Dominguez,4489072,249_HebertDominguez@test.com
Cowan,Wiggins,405396,250_CowanWiggins@test.com
Miranda,Richardson,3804587,251_MirandaRichardson@test.com
Ferguson,Kirk,3044341,252_FergusonKirk@test.com
Johns,Mosley,7295821,253_JohnsMosley@test.com
Golden,James,656385,254_GoldenJames@test.com
Jones,Mclean,5573178,255_JonesMclean@test.com
Riley,Velez,4022228,256_RileyVelez@test.com
Elliott,Mosley,6905989,257_ElliottMosley@test.com
Golden,Odom,741489,258_GoldenOdom@test.com
Carrillo,Hebert,2134403,259_CarrilloHebert@test.com
Meyers,Miranda,1926713,260_MeyersMiranda@test.com
Joseph,Morse,7349032,261_JosephMorse@test.com
Grimes,Underwood,7475304,262_GrimesUnderwood@test.com
James,Melton,3875230,263_JamesMelton@test.com
Carrillo,Joseph,1639487,264_CarrilloJoseph@test.com
Clements,Richardson,7757727,265_ClementsRichardson@test.com
Cowan,James,4381029,266_CowanJames@test.com
Walters,Wallace,1675955,267_WaltersWallace@test.com
Dominguez,Gilbert,3529883,268_DominguezGilbert@test.com
Grimes,Carrillo,4305358,269_GrimesCarrillo@test.com
Decker,Case,9261410,270_DeckerCase@test.com
Meyers,Ferguson,6917885,271_MeyersFerguson@test.com
Johns,Daugherty,4787398,272_JohnsDaugherty@test.com
Melton,Pineda,1442608,273_MeltonPineda@test.com
Chase,Leach,1474626,274_ChaseLeach@test.com
Mclean,Arnold,2627174,275_McleanArnold@test.com
Joseph,Pineda,4739667,276_JosephPineda@test.com
Pineda,Terry,8274810,277_PinedaTerry@test.com
Meyers,Velez,4841048,278_MeyersVelez@test.com
Elliott,Hughes,5488402,279_ElliottHughes@test.com
Gilbert,Orozco,2805538,280_GilbertOrozco@test.com
Lane,Arnold,3526256,281_LaneArnold@test.com
Wiggins,Dominguez,9208661,282_WigginsDominguez@test.com
Terry,Richardson,355854,283_TerryRichardson@test.com
Underwood,Morse,469853,284_UnderwoodMorse@test.com
Orr,Joseph,9591899,285_OrrJoseph@test.com
Hughes,Odom,8146396,286_HughesOdom@test.com
Estes,Foster,7216126,287_EstesFoster@test.com
Morse,Orozco,9142538,288_MorseOrozco@test.com
Gilbert,Orr,9326938,289_GilbertOrr@test.com
Carrillo,Pineda,3943156,290_CarrilloPineda@test.com
Wallace,Clements,9624604,291_WallaceClements@test.com
Wiggins,Foster,503260,292_WigginsFoster@test.com
Ferguson,Foster,75762,293_FergusonFoster@test.com
Riley,Wiggins,5241654,294_RileyWiggins@test.com
Velez,Hughes,3499473,295_VelezHughes@test.com
Underwood,Foster,1891589,296_UnderwoodFoster@test.com
Leach,Decker,836102,297_LeachDecker@test.com
Chase,Joseph,505808,298_ChaseJoseph@test.com
Orozco,Carrillo,5476492,299_OrozcoCarrillo@test.com
Wallace,James,2642519,300_WallaceJames@test.com
James,Foster,9704843,301_JamesFoster@test.com
Velez,Kirk,6373071,302_VelezKirk@test.com
Arnold,Leach,354857,303_ArnoldLeach@test.com
Daugherty,Cowan,521036,304_DaughertyCowan@test.com
Morse,Garrett,6726154,305_MorseGarrett@test.com
Joseph,Case,2609493,306_JosephCase@test.com
Meyers,Estes,9902564,307_MeyersEstes@test.com
Terry,Keller,4777628,308_TerryKeller@test.com
Chase,Elliott,1126844,309_ChaseElliott@test.com
Elliott,Yates,8312713,310_ElliottYates@test.com
Clements,Velez,7701770,311_ClementsVelez@test.com
Norman,Estes,1396245,312_NormanEstes@test.com
Joseph,Gilbert,9027061,313_JosephGilbert@test.com
Keller,James,5540923,314_KellerJames@test.com
Walters,Carrillo,6015689,315_WaltersCarrillo@test.com
Morse,Odom,3246700,316_MorseOdom@test.com
Rangel,Case,8923903,317_RangelCase@test.com
Pineda,Chase,8468104,318_PinedaChase@test.com
Gilmore,Mosley,554842,319_GilmoreMosley@test.com
Daugherty,Melton,8181931,320_DaughertyMelton@test.com
Arnold,Kirk,3664107,321_ArnoldKirk@test.com
Johns,Foster,4259324,322_JohnsFoster@test.com
Terry,Hughes,6988123,323_TerryHughes@test.com
Case,Walters,3340321,324_CaseWalters@test.com
Leach,Decker,5880346,325_LeachDecker@test.com
Case,Carrillo,9011321,326_CaseCarrillo@test.com
Hanson,Richardson,9837515,327_HansonRichardson@test.com
Garrett,Pineda,5800831,328_GarrettPineda@test.com
Norman,Keller,9173844,329_NormanKeller@test.com
Leach,Gilmore,5825544,330_LeachGilmore@test.com
James,James,8613927,331_JamesJames@test.com
Meyers,Lane,797509,332_MeyersLane@test.com
Case,Leach,3366609,333_CaseLeach@test.com
Jones,Orr,941152,334_JonesOrr@test.com
Keller,Wiggins,744037,335_KellerWiggins@test.com
Ferguson,Estes,8520756,336_FergusonEstes@test.com
Dominguez,Carrillo,3172803,337_DominguezCarrillo@test.com
Underwood,Carrillo,9497000,338_UnderwoodCarrillo@test.com
Richardson,Ferguson,5613295,339_RichardsonFerguson@test.com
Decker,Chase,9933245,340_DeckerChase@test.com
Gilbert,Morse,6786993,341_GilbertMorse@test.com
Foster,Clements,3137129,342_FosterClements@test.com
Morse,Hughes,134877,343_MorseHughes@test.com
Underwood,Miranda,4350243,344_UnderwoodMiranda@test.com
Golden,Orr,3916077,345_GoldenOrr@test.com
Daugherty,Lane,1615317,346_DaughertyLane@test.com
Miranda,Elliott,5993851,347_MirandaElliott@test.com
Cowan,Melton,5072152,348_CowanMelton@test.com
Joseph,Orr,9028971,349_JosephOrr@test.com
Arnold,Leach,2625618,350_ArnoldLeach@test.com
Dominguez,Melton,7874230,351_DominguezMelton@test.com
Norman,Underwood,9395591,352_NormanUnderwood@test.com
Keller,Richardson,9091921,353_KellerRichardson@test.com
Hebert,Mclean,7096318,354_HebertMclean@test.com
Carrillo,Keller,7813485,355_CarrilloKeller@test.com
Chase,Foster,3864892,356_ChaseFoster@test.com
Orozco,Orr,7408921,357_OrozcoOrr@test.com
Walters,Grimes,9986389,358_WaltersGrimes@test.com
Golden,Decker,3638967,359_GoldenDecker@test.com
Rangel,Walters,3047459,360_RangelWalters@test.com
Melton,Grimes,9469543,361_MeltonGrimes@test.com
Odom,Yates,1217589,362_OdomYates@test.com
Walters,Keller,477727,363_WaltersKeller@test.com
Daugherty,Gilmore,1612915,364_DaughertyGilmore@test.com
Garrett,Walters,5777068,365_GarrettWalters@test.com
Wiggins,Foster,1484182,366_WigginsFoster@test.com
James,Dominguez,6032060,367_JamesDominguez@test.com
Golden,Golden,4954754,368_GoldenGolden@test.com
Orozco,Case,2025037,369_OrozcoCase@test.com
Joseph,Decker,94792,370_JosephDecker@test.com
Dominguez,Ferguson,832323,371_DominguezFerguson@test.com
Ferguson,Grimes,3023368,372_FergusonGrimes@test.com
Arnold,Carrillo,5107043,373_ArnoldCarrillo@test.com
Chase,Joseph,9969734,374_ChaseJoseph@test.com
James,Rangel,749249,375_JamesRangel@test.com
Kirk,Gilbert,1508160,376_KirkGilbert@test.com
Orozco,Grimes,4178119,377_OrozcoGrimes@test.com
Hughes,Walters,4413973,378_HughesWalters@test.com
Kirk,Lane,9005020,379_KirkLane@test.com
Orozco,Hebert,1293507,380_OrozcoHebert@test.com
Kirk,Riley,2889675,381_KirkRiley@test.com
Chase,Cowan,8591553,382_ChaseCowan@test.com
Wiggins,Underwood,524081,383_WigginsUnderwood@test.com
Underwood,Dominguez,2483593,384_UnderwoodDominguez@test.com
Riley,Keller,3871645,385_RileyKeller@test.com
Elliott,Orozco,2977491,386_ElliottOrozco@test.com
Elliott,Estes,1499299,387_ElliottEstes@test.com
Joseph,James,4566830,388_JosephJames@test.com
Johns,Case,7946602,389_JohnsCase@test.com
Keller,Garrett,609347,390_KellerGarrett@test.com
Underwood,Dominguez,4848034,391_UnderwoodDominguez@test.com
Golden,Melton,1899,392_GoldenMelton@test.com
Foster,Case,1260320,393_FosterCase@test.com
Walters,Odom,6054031,394_WaltersOdom@test.com
Hughes,Kirk,9798369,395_HughesKirk@test.com
Leach,Clements,6406378,396_LeachClements@test.com
Case,Daugherty,7036181,397_CaseDaugherty@test.com
Foster,Jones,3355785,398_FosterJones@test.com
Wallace,Joseph,5371275,399_WallaceJoseph@test.com
Mclean,Wiggins,9346368,400_McleanWiggins@test.com
James,Hughes,8631711,401_JamesHughes@test.com
Velez,Morse,7678808,402_VelezMorse@test.com
Leach,Cowan,8795524,403_LeachCowan@test.com
Kirk,Rangel,6955517,404_KirkRangel@test.com
Riley,Pineda,2073407,405_RileyPineda@test.com
Kirk,Johns,3989127,406_KirkJohns@test.com
Velez,Golden,1075410,407_VelezGolden@test.com
Terry,Ferguson,8994161,408_TerryFerguson@test.com
Hebert,Melton,4890749,409_HebertMelton@test.com
Foster,Odom,4257168,410_FosterOdom@test.com
Richardson,Melton,4105214,411_RichardsonMelton@test.com
Orozco,Foster,8611574,412_OrozcoFoster@test.com
Lane,Johns,5617409,413_LaneJohns@test.com
Jones,Orr,9075824,414_JonesOrr@test.com
Norman,Joseph,9308936,415_NormanJoseph@test.com
Kirk,Leach,946116,416_KirkLeach@test.com
Garrett,Melton,3419955,417_GarrettMelton@test.com
Jones,Ferguson,6103767,418_JonesFerguson@test.com
Elliott,Joseph,2129874,419_ElliottJoseph@test.com
Mosley,Leach,501083,420_MosleyLeach@test.com
Hebert,Mosley,3923984,421_HebertMosley@test.com
Yates,Case,2442253,422_YatesCase@test.com
Leach,Chase,8570787,423_LeachChase@test.com
Grimes,Decker,2656418,424_GrimesDecker@test.com
Mclean,Norman,4149289,425_McleanNorman@test.com
Joseph,Orozco,355306,426_JosephOrozco@test.com
Arnold,Chase,9758666,427_ArnoldChase@test.com
Arnold,Wiggins,7088264,428_ArnoldWiggins@test.com
Terry,Mosley,3859873,429_TerryMosley@test.com
Terry,Estes,301986,430_TerryEstes@test.com
Orr,Wiggins,6985011,431_OrrWiggins@test.com
Riley,Morse,3866994,432_RileyMorse@test.com
Yates,Orozco,9756554,433_YatesOrozco@test.com
Odom,Leach,8532735,434_OdomLeach@test.com
Ferguson,Chase,1613147,435_FergusonChase@test.com
Gilbert,Hughes,3987950,436_GilbertHughes@test.com
Arnold,Gilbert,3025541,437_ArnoldGilbert@test.com
Gilbert,Elliott,4236337,438_GilbertElliott@test.com
Pineda,Clements,7668613,439_PinedaClements@test.com
Gilmore,Gilbert,6592673,440_GilmoreGilbert@test.com
Rangel,Terry,9709819,441_RangelTerry@test.com
Garrett,Melton,3606569,442_GarrettMelton@test.com
Odom,Elliott,6352907,443_OdomElliott@test.com
Jones,Jones,6988601,444_JonesJones@test.com
Lane,Case,5728168,445_LaneCase@test.com
Miranda,Riley,5357110,446_MirandaRiley@test.com
James,Chase,1638250,447_JamesChase@test.com
Pineda,Hebert,8002418,448_PinedaHebert@test.com
Wiggins,Decker,5930242,449_WigginsDecker@test.com
Johns,Clements,9965300,450_JohnsClements@test.com
Chase,Decker,3409644,451_ChaseDecker@test.com
Miranda,Kirk,2584452,452_MirandaKirk@test.com
Ferguson,Meyers,7782930,453_FergusonMeyers@test.com
Hebert,Johns,8727052,454_HebertJohns@test.com
Daugherty,Orr,3260984,455_DaughertyOrr@test.com
Dominguez,Orr,2194564,456_DominguezOrr@test.com
Case,Velez,1041429,457_CaseVelez@test.com
Keller,Ferguson,6635315,458_KellerFerguson@test.com
Richardson,Wiggins,1774210,459_RichardsonWiggins@test.com
Miranda,Gilbert,5760957,460_MirandaGilbert@test.com
Leach,Chase,6835594,461_LeachChase@test.com
Odom,Richardson,8540110,462_OdomRichardson@test.com
Rangel,Lane,8215207,463_RangelLane@test.com
Richardson,Foster,6530458,464_RichardsonFoster@test.com
Pineda,Mclean,3959394,465_PinedaMclean@test.com
Orr,Clements,7841152,466_OrrClements@test.com
Hebert,Foster,2867125,467_HebertFoster@test.com
Hughes,Ferguson,4666797,468_HughesFerguson@test.com
Velez,Morse,6255456,469_VelezMorse@test.com
Joseph,Riley,3211370,470_JosephRiley@test.com
James,Riley,5351426,471_JamesRiley@test.com
Garrett,Elliott,7231292,472_GarrettElliott@test.com
Garrett,Estes,5473436,473_GarrettEstes@test.com
Norman,Yates,6393917,474_NormanYates@test.com
Velez,Chase,6417671,475_VelezChase@test.com
Richardson,Johns,4115631,476_RichardsonJohns@test.com
Velez,Carrillo,8742919,477_VelezCarrillo@test.com
Underwood,Wallace,6824703,478_UnderwoodWallace@test.com
Wiggins,Terry,5881546,479_WigginsTerry@test.com
Golden,Gilmore,5449427,480_GoldenGilmore@test.com
Pineda,Cowan,6539679,481_PinedaCowan@test.com
Clements,Richardson,6598982,482_ClementsRichardson@test.com
Walters,Carrillo,6447437,483_WaltersCarrillo@test.com
Foster,Arnold,729469,484_FosterArnold@test.com
Golden,Arnold,6508895,485_GoldenArnold@test.com
Terry,James,2302758,486_TerryJames@test.com
Case,Wallace,1150355,487_CaseWallace@test.com
Kirk,Clements,2137596,488_KirkClements@test.com
Garrett,Hebert,7546562,489_GarrettHebert@test.com
Jones,Kirk,1034179,490_JonesKirk@test.com
Riley,Chase,4755661,491_RileyChase@test.com
Joseph,Johns,5809767,492_JosephJohns@test.com
Gilmore,Daugherty,4060463,493_GilmoreDaugherty@test.com
Orr,Grimes,1348915,494_OrrGrimes@test.com
Orr,Miranda,330721,495_OrrMiranda@test.com
Leach,Johns,2222891,496_LeachJohns@test.com
Daugherty,Johns,1753121,497_DaughertyJohns@test.com
Arnold,Golden,1971009,498_ArnoldGolden@test.com
James,Yates,9722555,499_JamesYates@test.com
Miranda,Mosley,5710489,500_MirandaMosley@test.com
Orozco,Leach,3827292,501_OrozcoLeach@test.com
Elliott,Norman,9184884,502_ElliottNorman@test.com
Norman,Jones,1921498,503_NormanJones@test.com
Velez,Orozco,15521,504_VelezOrozco@test.com
Orozco,Orozco,4936091,505_OrozcoOrozco@test.com
Velez,Richardson,2869061,506_VelezRichardson@test.com
Daugherty,Clements,2878817,507_DaughertyClements@test.com
Estes,Odom,5726209,508_EstesOdom@test.com
Gilmore,Case,977297,509_GilmoreCase@test.com
Orr,Jones,6398792,510_OrrJones@test.com
Dominguez,Kirk,2107430,511_DominguezKirk@test.com
Pineda,Foster,1441842,512_PinedaFoster@test.com
Garrett,Grimes,4763485,513_GarrettGrimes@test.com
Walters,Orozco,5261634,514_WaltersOrozco@test.com
Rangel,Orr,4909081,515_RangelOrr@test.com
Lane,Wallace,8502652,516_LaneWallace@test.com
Hughes,Terry,7400293,517_HughesTerry@test.com
Pineda,Gilmore,8001962,518_PinedaGilmore@test.com
Pineda,Hanson,4533596,519_PinedaHanson@test.com
Odom,Wallace,1949133,520_OdomWallace@test.com
Decker,Decker,4331393,521_DeckerDecker@test.com
Terry,Lane,4570253,522_TerryLane@test.com
Morse,Grimes,6721120,523_MorseGrimes@test.com
Grimes,Terry,2397646,524_GrimesTerry@test.com
Underwood,Meyers,9803492,525_UnderwoodMeyers@test.com
Joseph,Pineda,4083565,526_JosephPineda@test.com
Norman,Terry,5681570,527_NormanTerry@test.com
Terry,Jones,5539569,528_TerryJones@test.com
Riley,Elliott,5087859,529_RileyElliott@test.com
Clements,Chase,1516013,530_ClementsChase@test.com
Meyers,Arnold,4163745,531_MeyersArnold@test.com
Odom,Carrillo,2170864,532_OdomCarrillo@test.com
Lane,Johns,5643963,533_LaneJohns@test.com
Gilbert,Clements,6339574,534_GilbertClements@test.com
Grimes,Morse,8006101,535_GrimesMorse@test.com
Riley,Underwood,8363608,536_RileyUnderwood@test.com
Mclean,Kirk,6458154,537_McleanKirk@test.com
Carrillo,James,5532331,538_CarrilloJames@test.com
Elliott,Jones,7627990,539_ElliottJones@test.com
Estes,Rangel,819284,540_EstesRangel@test.com
Case,Hebert,126383,541_CaseHebert@test.com
Jones,Hebert,2539970,542_JonesHebert@test.com
Meyers,Mclean,9992816,543_MeyersMclean@test.com
Richardson,Garrett,2821236,544_RichardsonGarrett@test.com
Wiggins,Wiggins,1590616,545_WigginsWiggins@test.com
Riley,James,935410,546_RileyJames@test.com
Yates,Keller,4003178,547_YatesKeller@test.com
Cowan,Rangel,1675417,548_CowanRangel@test.com
Arnold,Leach,2060084,549_ArnoldLeach@test.com
Decker,Decker,9656622,550_DeckerDecker@test.com
Case,Riley,5103461,551_CaseRiley@test.com
Dominguez,Gilmore,6691215,552_DominguezGilmore@test.com
Clements,Leach,8748155,553_ClementsLeach@test.com
Miranda,Pineda,7985680,554_MirandaPineda@test.com
Elliott,Case,3668014,555_ElliottCase@test.com
Keller,Decker,9376263,556_KellerDecker@test.com
Grimes,Orr,3370896,557_GrimesOrr@test.com
Rangel,Hebert,8450247,558_RangelHebert@test.com
Riley,Foster,8228040,559_RileyFoster@test.com
Underwood,Underwood,5297489,560_UnderwoodUnderwood@test.com
Orozco,Foster,476271,561_OrozcoFoster@test.com
Jones,Lane,2983719,562_JonesLane@test.com
Velez,Ferguson,8722948,563_VelezFerguson@test.com
Chase,Wallace,880114,564_ChaseWallace@test.com
Gilmore,Estes,4548202,565_GilmoreEstes@test.com
Wallace,Daugherty,2029460,566_WallaceDaugherty@test.com
Cowan,Foster,5033435,567_CowanFoster@test.com
Johns,Mosley,9349834,568_JohnsMosley@test.com
Orozco,Keller,6925163,569_OrozcoKeller@test.com
Estes,Cowan,4575852,570_EstesCowan@test.com
Decker,Joseph,3641693,571_DeckerJoseph@test.com
Estes,Meyers,2183711,572_EstesMeyers@test.com
Case,Grimes,7471262,573_CaseGrimes@test.com
James,Orr,7462553,574_JamesOrr@test.com
Golden,Mclean,4382642,575_GoldenMclean@test.com
Foster,Mosley,13494,576_FosterMosley@test.com
Carrillo,Case,6374873,577_CarrilloCase@test.com
Riley,Terry,7137512,578_RileyTerry@test.com
Norman,Velez,9109304,579_NormanVelez@test.com
Hanson,Riley,7705651,580_HansonRiley@test.com
Pineda,Hanson,5335377,581_PinedaHanson@test.com
Odom,Keller,9796692,582_OdomKeller@test.com
Yates,Hebert,6448255,583_YatesHebert@test.com
Wiggins,Melton,8731440,584_WigginsMelton@test.com
Orr,Odom,4001219,585_OrrOdom@test.com
Case,Clements,4008796,586_CaseClements@test.com
Rangel,Daugherty,197772,587_RangelDaugherty@test.com
Hebert,Lane,3801110,588_HebertLane@test.com
Mclean,Daugherty,9092752,589_McleanDaugherty@test.com
Case,Wallace,7880167,590_CaseWallace@test.com
Golden,Dominguez,4385747,591_GoldenDominguez@test.com
Chase,Orr,787773,592_ChaseOrr@test.com
Meyers,Melton,5230639,593_MeyersMelton@test.com
Gilmore,Grimes,8036948,594_GilmoreGrimes@test.com
Velez,James,8781081,595_VelezJames@test.com
Underwood,Leach,3140673,596_UnderwoodLeach@test.com
Joseph,Yates,3728424,597_JosephYates@test.com
Ferguson,Melton,310395,598_FergusonMelton@test.com
Terry,Pineda,7661984,599_TerryPineda@test.com
Mosley,Pineda,7189360,600_MosleyPineda@test.com
Morse,Hanson,4891704,601_MorseHanson@test.com
Decker,Estes,6948328,602_DeckerEstes@test.com
Yates,Kirk,6495566,603_YatesKirk@test.com
Daugherty,Golden,3269134,604_DaughertyGolden@test.com
Estes,Norman,5167627,605_EstesNorman@test.com
Melton,Chase,6014760,606_MeltonChase@test.com
Kirk,Elliott,7569970,607_KirkElliott@test.com
Gilbert,Ferguson,2057812,608_GilbertFerguson@test.com
Grimes,Terry,2144331,609_GrimesTerry@test.com
Arnold,Gilmore,6442550,610_ArnoldGilmore@test.com
Hebert,Wallace,9661795,611_HebertWallace@test.com
Miranda,Orozco,7080507,612_MirandaOrozco@test.com
Hanson,Richardson,1846067,613_HansonRichardson@test.com
Estes,Wallace,6369148,614_EstesWallace@test.com
Golden,James,3326307,615_GoldenJames@test.com
Orr,Wiggins,911316,616_OrrWiggins@test.com
Pineda,Estes,944703,617_PinedaEstes@test.com
Orr,Velez,9938153,618_OrrVelez@test.com
Elliott,Hughes,1218158,619_ElliottHughes@test.com
Norman,Hebert,3803676,620_NormanHebert@test.com
Elliott,Odom,1583595,621_ElliottOdom@test.com
Walters,Norman,9056586,622_WaltersNorman@test.com
Arnold,Hughes,1361070,623_ArnoldHughes@test.com
Estes,Cowan,5839039,624_EstesCowan@test.com
Clements,James,398469,625_ClementsJames@test.com
Chase,Ferguson,2979610,626_ChaseFerguson@test.com
Miranda,Terry,904657,627_MirandaTerry@test.com
Golden,Norman,6146374,628_GoldenNorman@test.com
Norman,Rangel,3120636,629_NormanRangel@test.com
Morse,Morse,6529305,630_MorseMorse@test.com
Terry,James,4052228,631_TerryJames@test.com
Orozco,Terry,1688203,632_OrozcoTerry@test.com
Johns,Yates,7960944,633_JohnsYates@test.com
Terry,Kirk,6677888,634_TerryKirk@test.com
Leach,Foster,1326244,635_LeachFoster@test.com
Meyers,Jones,741294,636_MeyersJones@test.com
Estes,Decker,1958454,637_EstesDecker@test.com
Golden,Pineda,3046890,638_GoldenPineda@test.com
Meyers,Johns,8138169,639_MeyersJohns@test.com
Clements,Orozco,4221409,640_ClementsOrozco@test.com
Carrillo,Norman,1245875,641_CarrilloNorman@test.com
Garrett,Decker,5812277,642_GarrettDecker@test.com
Joseph,Rangel,2235528,643_JosephRangel@test.com
Underwood,Gilbert,4567218,644_UnderwoodGilbert@test.com
Yates,Lane,4294193,645_YatesLane@test.com
Dominguez,Morse,7676357,646_DominguezMorse@test.com
Kirk,Joseph,1781320,647_KirkJoseph@test.com
Decker,Chase,856807,648_DeckerChase@test.com
Odom,Orr,4034780,649_OdomOrr@test.com
Mosley,Gilbert,1324405,650_MosleyGilbert@test.com
Garrett,Pineda,9214347,651_GarrettPineda@test.com
Carrillo,Hebert,5328749,652_CarrilloHebert@test.com
Norman,Orozco,1190613,653_NormanOrozco@test.com
Grimes,Golden,4328162,654_GrimesGolden@test.com
Johns,Wiggins,835937,655_JohnsWiggins@test.com
Walters,Wiggins,3859284,656_WaltersWiggins@test.com
Foster,Rangel,136419,657_FosterRangel@test.com
Meyers,Foster,3515607,658_MeyersFoster@test.com
Underwood,Riley,9691394,659_UnderwoodRiley@test.com
Clements,Kirk,9361241,660_ClementsKirk@test.com
Leach,Orozco,4137391,661_LeachOrozco@test.com
Orr,Carrillo,8980933,662_OrrCarrillo@test.com
Decker,Leach,6716137,663_DeckerLeach@test.com
Riley,Wiggins,8858747,664_RileyWiggins@test.com
Lane,Decker,6729989,665_LaneDecker@test.com
Miranda,Underwood,3362139,666_MirandaUnderwood@test.com
Ferguson,Leach,1694551,667_FergusonLeach@test.com
Velez,Melton,7376318,668_VelezMelton@test.com
Miranda,Orr,3439486,669_MirandaOrr@test.com
Terry,Kirk,5362552,670_TerryKirk@test.com
Garrett,Golden,4510185,671_GarrettGolden@test.com
Walters,Gilmore,3458848,672_WaltersGilmore@test.com
Dominguez,Terry,3903428,673_DominguezTerry@test.com
Decker,Elliott,8761987,674_DeckerElliott@test.com
Richardson,Foster,7959102,675_RichardsonFoster@test.com
Underwood,Meyers,9266308,676_UnderwoodMeyers@test.com
Richardson,Hebert,6197280,677_RichardsonHebert@test.com
Rangel,Dominguez,9448977,678_RangelDominguez@test.com
Kirk,Leach,2520619,679_KirkLeach@test.com
Dominguez,James,8403978,680_DominguezJames@test.com
Melton,Hanson,3975825,681_MeltonHanson@test.com
Estes,Clements,4441064,682_EstesClements@test.com
Hanson,Cowan,3116834,683_HansonCowan@test.com
James,Garrett,9279924,684_JamesGarrett@test.com
Keller,Orozco,5070365,685_KellerOrozco@test.com
Daugherty,Decker,9637714,686_DaughertyDecker@test.com
Johns,Case,7674914,687_JohnsCase@test.com
James,Mosley,2092277,688_JamesMosley@test.com
Underwood,Orr,6694593,689_UnderwoodOrr@test.com
Joseph,Leach,8636535,690_JosephLeach@test.com
Garrett,Hebert,7358252,691_GarrettHebert@test.com
Keller,Decker,95537,692_KellerDecker@test.com
Yates,Jones,8318932,693_YatesJones@test.com
Keller,Chase,4309503,694_KellerChase@test.com
Yates,Riley,754878,695_YatesRiley@test.com
Chase,Golden,8466859,696_ChaseGolden@test.com
Jones,Mosley,7924464,697_JonesMosley@test.com
Mosley,Elliott,4246266,698_MosleyElliott@test.com
Rangel,Rangel,2620802,699_RangelRangel@test.com
Decker,Wiggins,7243240,700_DeckerWiggins@test.com
Mosley,Mosley,5159172,701_MosleyMosley@test.com
Chase,Dominguez,25589,702_ChaseDominguez@test.com
Yates,Ferguson,4730617,703_YatesFerguson@test.com
Walters,Jones,5419789,704_WaltersJones@test.com
Kirk,Rangel,3823590,705_KirkRangel@test.com
Jones,Estes,2582494,706_JonesEstes@test.com
Keller,Daugherty,1601589,707_KellerDaugherty@test.com
Orozco,Cowan,3960642,708_OrozcoCowan@test.com
Wallace,Richardson,9137396,709_WallaceRichardson@test.com
Clements,Hanson,2571397,710_ClementsHanson@test.com
Estes,Jones,9234335,711_EstesJones@test.com
Dominguez,Cowan,1366842,712_DominguezCowan@test.com
Jones,Hanson,2296872,713_JonesHanson@test.com
Johns,Rangel,1851892,714_JohnsRangel@test.com
Melton,Mclean,9198347,715_MeltonMclean@test.com
Lane,Pineda,7965160,716_LanePineda@test.com
Wallace,Underwood,4090327,717_WallaceUnderwood@test.com
Estes,Keller,3794214,718_EstesKeller@test.com
Wiggins,Gilbert,3125098,719_WigginsGilbert@test.com
Decker,Dominguez,6842788,720_DeckerDominguez@test.com
Yates,Garrett,6816286,721_YatesGarrett@test.com
Jones,Odom,3453111,722_JonesOdom@test.com
Melton,Odom,6910128,723_MeltonOdom@test.com
James,Arnold,2001921,724_JamesArnold@test.com
Odom,Johns,9171113,725_OdomJohns@test.com
Riley,Wallace,1569263,726_RileyWallace@test.com
Case,Garrett,3973537,727_CaseGarrett@test.com
Underwood,Melton,3127378,728_UnderwoodMelton@test.com
Leach,Gilmore,9030423,729_LeachGilmore@test.com
Underwood,Ferguson,3284958,730_UnderwoodFerguson@test.com
Foster,Wiggins,3372605,731_FosterWiggins@test.com
Orozco,Yates,5114417,732_OrozcoYates@test.com
Meyers,Odom,3959261,733_MeyersOdom@test.com
Elliott,Arnold,1657541,734_ElliottArnold@test.com
Carrillo,Hughes,4655929,735_CarrilloHughes@test.com
Richardson,Foster,511992,736_RichardsonFoster@test.com
Orr,Case,2604277,737_OrrCase@test.com
Wallace,Leach,2394131,738_WallaceLeach@test.com
Daugherty,Miranda,9437313,739_DaughertyMiranda@test.com
Rangel,Leach,622870,740_RangelLeach@test.com
Miranda,Mclean,5870399,741_MirandaMclean@test.com
Case,Underwood,2373049,742_CaseUnderwood@test.com
Walters,Norman,7268564,743_WaltersNorman@test.com
Morse,Grimes,615687,744_MorseGrimes@test.com
Clements,Yates,9579282,745_ClementsYates@test.com
Riley,Lane,9281042,746_RileyLane@test.com
Mosley,Lane,7731467,747_MosleyLane@test.com
Underwood,Arnold,481868,748_UnderwoodArnold@test.com
Hughes,Jones,680779,749_HughesJones@test.com
Cowan,Cowan,8411987,750_CowanCowan@test.com
Joseph,Chase,2629789,751_JosephChase@test.com
Kirk,Dominguez,1149388,752_KirkDominguez@test.com
Gilbert,Rangel,7303216,753_GilbertRangel@test.com
Clements,Arnold,3500258,754_ClementsArnold@test.com
Riley,Daugherty,6156434,755_RileyDaugherty@test.com
Mclean,Golden,5975351,756_McleanGolden@test.com
Estes,Miranda,5588549,757_EstesMiranda@test.com
Odom,Daugherty,9444052,758_OdomDaugherty@test.com
Richardson,Elliott,2016235,759_RichardsonElliott@test.com
Richardson,Leach,3628159,760_RichardsonLeach@test.com
Riley,Odom,2423779,761_RileyOdom@test.com
Lane,Rangel,2683025,762_LaneRangel@test.com
Rangel,Daugherty,4562066,763_RangelDaugherty@test.com
Velez,Grimes,3033979,764_VelezGrimes@test.com
Elliott,Wiggins,7614013,765_ElliottWiggins@test.com
Golden,Mclean,7639517,766_GoldenMclean@test.com
Wiggins,Yates,101013,767_WigginsYates@test.com
Case,Morse,5535254,768_CaseMorse@test.com
Odom,Terry,9155905,769_OdomTerry@test.com
Chase,Mclean,4302952,770_ChaseMclean@test.com
Gilbert,Wiggins,581124,771_GilbertWiggins@test.com
Grimes,Velez,8772920,772_GrimesVelez@test.com
Lane,Decker,7105281,773_LaneDecker@test.com
Wiggins,Foster,7578894,774_WigginsFoster@test.com
Wallace,Terry,2511651,775_WallaceTerry@test.com
Mclean,Case,4595797,776_McleanCase@test.com
Miranda,Elliott,5930380,777_MirandaElliott@test.com
Johns,Mclean,3486511,778_JohnsMclean@test.com
Joseph,Pineda,4357216,779_JosephPineda@test.com
Clements,Riley,1744330,780_ClementsRiley@test.com
Hebert,Miranda,6848406,781_HebertMiranda@test.com
Morse,Hebert,149746,782_MorseHebert@test.com
Gilmore,Hanson,6254517,783_GilmoreHanson@test.com
Orr,Hanson,3442364,784_OrrHanson@test.com
Mosley,Garrett,652131,785_MosleyGarrett@test.com
Cowan,Velez,7523403,786_CowanVelez@test.com
Orr,Hughes,6671910,787_OrrHughes@test.com
Gilmore,Orr,5199713,788_GilmoreOrr@test.com
Mclean,Estes,2291748,789_McleanEstes@test.com
Carrillo,Golden,8107974,790_CarrilloGolden@test.com
Grimes,Underwood,2050539,791_GrimesUnderwood@test.com
James,Estes,7977219,792_JamesEstes@test.com
Wiggins,Wiggins,6560431,793_WigginsWiggins@test.com
Hebert,Richardson,3358051,794_HebertRichardson@test.com
Keller,James,2802409,795_KellerJames@test.com
Orozco,Foster,8156481,796_OrozcoFoster@test.com
Decker,Leach,2840293,797_DeckerLeach@test.com
Miranda,Orozco,5717855,798_MirandaOrozco@test.com
Hanson,Grimes,4481129,799_HansonGrimes@test.com
Morse,Pineda,9984520,800_MorsePineda@test.com
Mosley,Daugherty,8881066,801_MosleyDaugherty@test.com
Gilbert,Keller,3984316,802_GilbertKeller@test.com
Morse,Carrillo,3458918,803_MorseCarrillo@test.com
Hanson,Pineda,1772786,804_HansonPineda@test.com
Wallace,Underwood,290431,805_WallaceUnderwood@test.com
Melton,Dominguez,2231235,806_MeltonDominguez@test.com
Wallace,Keller,8195114,807_WallaceKeller@test.com
Velez,Estes,5102276,808_VelezEstes@test.com
Riley,Walters,3239635,809_RileyWalters@test.com
Orr,Foster,3866473,810_OrrFoster@test.com
Lane,Orr,2098662,811_LaneOrr@test.com
Golden,Riley,7823040,812_GoldenRiley@test.com
Garrett,Garrett,9754296,813_GarrettGarrett@test.com
Lane,Foster,1200316,814_LaneFoster@test.com
Cowan,Joseph,7283909,815_CowanJoseph@test.com
Lane,Morse,2207045,816_LaneMorse@test.com
Odom,Rangel,6045879,817_OdomRangel@test.com
Orr,Mosley,9360481,818_OrrMosley@test.com
Gilmore,Lane,6915273,819_GilmoreLane@test.com
Keller,Hanson,5938066,820_KellerHanson@test.com
James,Walters,6422459,821_JamesWalters@test.com
Riley,Orr,6550480,822_RileyOrr@test.com
Wallace,Meyers,3874585,823_WallaceMeyers@test.com
Leach,Arnold,5133072,824_LeachArnold@test.com
Joseph,Richardson,4420413,825_JosephRichardson@test.com
Clements,Golden,2361955,826_ClementsGolden@test.com
Wallace,Dominguez,1650657,827_WallaceDominguez@test.com
Wiggins,Morse,3394202,828_WigginsMorse@test.com
Riley,Rangel,6693823,829_RileyRangel@test.com
Dominguez,Garrett,962233,830_DominguezGarrett@test.com
Golden,Jones,3920097,831_GoldenJones@test.com
Yates,Kirk,1319548,832_YatesKirk@test.com
Richardson,Wiggins,2580425,833_RichardsonWiggins@test.com
Carrillo,Elliott,9283727,834_CarrilloElliott@test.com
Wiggins,Jones,1759396,835_WigginsJones@test.com
Mclean,Arnold,2421026,836_McleanArnold@test.com
Clements,Mclean,1907871,837_ClementsMclean@test.com
Estes,Grimes,3372251,838_EstesGrimes@test.com
Cowan,Richardson,417774,839_CowanRichardson@test.com
Rangel,Daugherty,2496676,840_RangelDaugherty@test.com
Rangel,Leach,5011340,841_RangelLeach@test.com
Cowan,Wiggins,3186401,842_CowanWiggins@test.com
Joseph,Miranda,7637422,843_JosephMiranda@test.com
Carrillo,Lane,9533194,844_CarrilloLane@test.com
Melton,Norman,6688360,845_MeltonNorman@test.com
Garrett,James,7534700,846_GarrettJames@test.com
Lane,Foster,1460971,847_LaneFoster@test.com
Richardson,Orr,9118031,848_RichardsonOrr@test.com
Velez,Leach,4398109,849_VelezLeach@test.com
Estes,Wiggins,3656862,850_EstesWiggins@test.com
Joseph,Gilbert,7479399,851_JosephGilbert@test.com
James,Grimes,6207862,852_JamesGrimes@test.com
Cowan,Carrillo,5081201,853_CowanCarrillo@test.com
Keller,Estes,1965954,854_KellerEstes@test.com
Terry,Riley,4876579,855_TerryRiley@test.com
Grimes,Elliott,735547,856_GrimesElliott@test.com
Foster,Yates,1513622,857_FosterYates@test.com
Melton,Orozco,3746484,858_MeltonOrozco@test.com
Orozco,James,9056405,859_OrozcoJames@test.com
Case,Lane,6369043,860_CaseLane@test.com
Arnold,Odom,4636927,861_ArnoldOdom@test.com
Riley,Riley,2296678,862_RileyRiley@test.com
Daugherty,Odom,3771773,863_DaughertyOdom@test.com
Joseph,Lane,5228364,864_JosephLane@test.com
Case,Hanson,4537014,865_CaseHanson@test.com
Yates,Dominguez,5179900,866_YatesDominguez@test.com
Elliott,Orr,7914277,867_ElliottOrr@test.com
Hughes,Jones,49750,868_HughesJones@test.com
Norman,Leach,7807253,869_NormanLeach@test.com
Carrillo,Keller,1346667,870_CarrilloKeller@test.com
Golden,Rangel,2981310,871_GoldenRangel@test.com
Hanson,Decker,1763914,872_HansonDecker@test.com
Lane,Daugherty,9139678,873_LaneDaugherty@test.com
Golden,Rangel,1506371,874_GoldenRangel@test.com
Cowan,Carrillo,1639314,875_CowanCarrillo@test.com
Underwood,Rangel,4065215,876_UnderwoodRangel@test.com
Elliott,Mclean,9939538,877_ElliottMclean@test.com
Riley,Rangel,290609,878_RileyRangel@test.com
Garrett,Leach,5359224,879_GarrettLeach@test.com
Carrillo,Richardson,901568,880_CarrilloRichardson@test.com
Wallace,Ferguson,1849748,881_WallaceFerguson@test.com
Pineda,Velez,9147358,882_PinedaVelez@test.com
Keller,Case,9941268,883_KellerCase@test.com
Case,Wiggins,8962221,884_CaseWiggins@test.com
Dominguez,Case,8231118,885_DominguezCase@test.com
Arnold,Hughes,1688876,886_ArnoldHughes@test.com
Case,Hebert,7670144,887_CaseHebert@test.com
Mclean,Rangel,305637,888_McleanRangel@test.com
Chase,Grimes,7277379,889_ChaseGrimes@test.com
Johns,Grimes,2259612,890_JohnsGrimes@test.com
Terry,Wiggins,5928296,891_TerryWiggins@test.com
Arnold,Arnold,6445436,892_ArnoldArnold@test.com
Keller,Yates,4749264,893_KellerYates@test.com
Odom,Foster,481768,894_OdomFoster@test.com
Gilbert,Daugherty,3485390,895_GilbertDaugherty@test.com
Melton,Odom,5267737,896_MeltonOdom@test.com
Elliott,Wiggins,4326489,897_ElliottWiggins@test.com
Chase,Morse,8630473,898_ChaseMorse@test.com
Wiggins,Mclean,5092436,899_WigginsMclean@test.com
Hanson,Meyers,2721924,900_HansonMeyers@test.com
Leach,Gilmore,9456949,901_LeachGilmore@test.com
Joseph,Keller,2406390,902_JosephKeller@test.com
Pineda,Wiggins,3229451,903_PinedaWiggins@test.com
Pineda,Meyers,4380625,904_PinedaMeyers@test.com
Grimes,Estes,9029895,905_GrimesEstes@test.com
Jones,Carrillo,3027708,906_JonesCarrillo@test.com
Richardson,Hebert,682859,907_RichardsonHebert@test.com
Clements,Hebert,4650265,908_ClementsHebert@test.com
Cowan,Lane,8322052,909_CowanLane@test.com
Jones,Orr,3627828,910_JonesOrr@test.com
Velez,Mclean,1317168,911_VelezMclean@test.com
Norman,Dominguez,8982416,912_NormanDominguez@test.com
Arnold,Wallace,6474301,913_ArnoldWallace@test.com
Johns,Underwood,5006354,914_JohnsUnderwood@test.com
Lane,Norman,5178919,915_LaneNorman@test.com
Foster,Hanson,1402535,916_FosterHanson@test.com
Meyers,Hanson,3181632,917_MeyersHanson@test.com
Chase,Cowan,4996363,918_ChaseCowan@test.com
Walters,James,6336517,919_WaltersJames@test.com
Chase,Decker,6171535,920_ChaseDecker@test.com
Velez,Lane,1443994,921_VelezLane@test.com
Gilmore,Elliott,8320543,922_GilmoreElliott@test.com
Riley,Mclean,4820278,923_RileyMclean@test.com
Norman,Joseph,7279783,924_NormanJoseph@test.com
Ferguson,Hughes,438463,925_FergusonHughes@test.com
Velez,Riley,8971932,926_VelezRiley@test.com
James,Arnold,1463281,927_JamesArnold@test.com
Wiggins,Cowan,6133112,928_WigginsCowan@test.com
Lane,Clements,8990110,929_LaneClements@test.com
Lane,Arnold,4901398,930_LaneArnold@test.com
Keller,Miranda,2590791,931_KellerMiranda@test.com
Orr,Arnold,6581042,932_OrrArnold@test.com
Walters,Estes,7445593,933_WaltersEstes@test.com
Golden,Ferguson,2233087,934_GoldenFerguson@test.com
Daugherty,Hebert,7887843,935_DaughertyHebert@test.com
Daugherty,Meyers,6738296,936_DaughertyMeyers@test.com
Hanson,Gilmore,1829757,937_HansonGilmore@test.com
Cowan,Velez,22345,938_CowanVelez@test.com
Case,Keller,5528394,939_CaseKeller@test.com
Hebert,Cowan,3229319,940_HebertCowan@test.com
Case,Wallace,1256231,941_CaseWallace@test.com
Norman,Gilmore,7183590,942_NormanGilmore@test.com
Rangel,Dominguez,1401712,943_RangelDominguez@test.com
Richardson,Wallace,3574491,944_RichardsonWallace@test.com
Leach,Joseph,8833287,945_LeachJoseph@test.com
Estes,Foster,8844065,946_EstesFoster@test.com
Chase,James,2908068,947_ChaseJames@test.com
Garrett,Elliott,4936126,948_GarrettElliott@test.com
Melton,Clements,5857963,949_MeltonClements@test.com
Rangel,Daugherty,9031637,950_RangelDaugherty@test.com
Underwood,Gilmore,9334208,951_UnderwoodGilmore@test.com
Elliott,Joseph,3424630,952_ElliottJoseph@test.com
Rangel,Norman,2699264,953_RangelNorman@test.com
Velez,Velez,1016764,954_VelezVelez@test.com
Jones,Leach,3987894,955_JonesLeach@test.com
Mclean,Grimes,3963266,956_McleanGrimes@test.com
Case,Foster,1754894,957_CaseFoster@test.com
Ferguson,Jones,4591743,958_FergusonJones@test.com
Yates,Garrett,627957,959_YatesGarrett@test.com
Wiggins,Ferguson,8491392,960_WigginsFerguson@test.com
Chase,Jones,9874973,961_ChaseJones@test.com
Morse,Riley,9540019,962_MorseRiley@test.com
Pineda,Gilmore,66001,963_PinedaGilmore@test.com
Orr,Odom,6210155,964_OrrOdom@test.com
Chase,Leach,2150712,965_ChaseLeach@test.com
Leach,Garrett,87414,966_LeachGarrett@test.com
Ferguson,Miranda,3588171,967_FergusonMiranda@test.com
Elliott,Hebert,6539781,968_ElliottHebert@test.com
Clements,Wallace,9173380,969_ClementsWallace@test.com
Daugherty,Clements,7937490,970_DaughertyClements@test.com
Meyers,Leach,1020116,971_MeyersLeach@test.com
Odom,Yates,7226357,972_OdomYates@test.com
Orozco,Rangel,7482435,973_OrozcoRangel@test.com
James,Melton,4364051,974_JamesMelton@test.com
Melton,Golden,8819539,975_MeltonGolden@test.com
Norman,Garrett,9864938,976_NormanGarrett@test.com
Grimes,Keller,3442677,977_GrimesKeller@test.com
Mosley,Ferguson,6194490,978_MosleyFerguson@test.com
Dominguez,Cowan,7529333,979_DominguezCowan@test.com
Dominguez,Carrillo,3887189,980_DominguezCarrillo@test.com
Gilbert,Melton,9719747,981_GilbertMelton@test.com
Clements,Walters,6869522,982_ClementsWalters@test.com
Terry,Case,2545762,983_TerryCase@test.com
Riley,Kirk,2794158,984_RileyKirk@test.com
Orozco,Estes,5681018,985_OrozcoEstes@test.com
Gilbert,James,3130355,986_GilbertJames@test.com
Hanson,Norman,6954368,987_HansonNorman@test.com
Keller,Wallace,7856325,988_KellerWallace@test.com
Mclean,Hughes,2976715,989_McleanHughes@test.com
Keller,Daugherty,5334029,990_KellerDaugherty@test.com
Wiggins,Velez,8057667,991_WigginsVelez@test.com
Hebert,Case,8154973,992_HebertCase@test.com
Hanson,Leach,46059,993_HansonLeach@test.com
Ferguson,Foster,6139510,994_FergusonFoster@test.com
Ferguson,Mclean,2998368,995_FergusonMclean@test.com
Joseph,Arnold,2260490,996_JosephArnold@test.com
Elliott,Underwood,5790601,997_ElliottUnderwood@test.com
Kirk,Richardson,9590753,998_KirkRichardson@test.com
Morse,Orr,1358842,999_MorseOrr@test.com
Miranda,Miranda,8322720,1000_MirandaMiranda@test.com